Name,Price,Rating
by Samantha Ruth Prabhu Eden Flare Silk Blend V-Neck Multicolor Floral Dress for Women and Girls,"₹1,367.20",N/A
Women Pure Cotton Striped Kurta and Trousers Set,₹449,N/A
Freshta's Designer Highbury Dress,"₹1,040",2.5 out of 5 stars
Women Dress,₹712,5.0 out of 5 stars
Women's Polycotton Fit and Flare Knee-Length Western Dress,₹699,3.9 out of 5 stars
Women's Polyester A-Line Midi Dress,₹821,4.0 out of 5 stars
Women's Solid A-Line Lycra,₹281,4.0 out of 5 stars
Fold Pleated Bodycon Dress,₹421.38,4.1 out of 5 stars
Dresses for Women || Western Dresses for Women || Dress for Women || Dresses (D-634-638),₹619,4.5 out of 5 stars
Dresses for Women || Western Dresses for Women || Dress for Women || Dresses (D-634-638),₹619,4.5 out of 5 stars
Dresses for Women || Western Dresses for Women || Dress for Women || Dresses (560-563),₹689,4.0 out of 5 stars
Dresses for Women || Western Dresses for Women || Dress for Women || Dresses (622-623),₹459,4.0 out of 5 stars
Dresses for Women || Western Dresses for Women || Dress for Women || Dresses (555),₹599,4.1 out of 5 stars
Western Dress for Women| Floral Print Wrap V Neck Dress| Ruffle Sleeve Western Dress| Mini Summer Short Dress| Dress for Vacation| Outdoor Wear Dress,₹399,3.9 out of 5 stars
Dresses for Women || Western Dresses for Women || Dress for Women || Dresses (597),₹489,4.1 out of 5 stars
Dresses for Women || Western Dresses for Women || Dress for Women || Dresses (D-629-631),₹459,4.0 out of 5 stars
Western Dress for Women || Stretchable Lycra Solid Mini Dress || Polka Dot Long Net Puff Sleeves || Fit & Flared Dress || Short Dresses for Women || Square Neck One Piece,₹399,4.7 out of 5 stars
Jaipuri Cotton Printed Flared A-Line Dress for Women,₹802,4.3 out of 5 stars
Women's Crepe A-Line Maxi Dress,₹393,3.6 out of 5 stars
Women's Cotton Above Knee Length A-Line Indo Western Dress,₹949,3.9 out of 5 stars
Women's Puff Sleeve V-Neck Bodycon Casual Mini Dress,₹379,4.0 out of 5 stars
Women's Maxi Dress,₹299,3.8 out of 5 stars
Dresses for Women Multi Color Women Dress (491-524),₹559,3.7 out of 5 stars
Women's Chiffon Casual Dress,₹689,4.0 out of 5 stars
Western Dresses for Women |A-Line Knee-Length Dress | Indo Western Dress for Women| Short Dress,₹359,3.9 out of 5 stars
Women's Cotton Skater Knee Length Dress,₹499,3.6 out of 5 stars
Round Neck Printed Dresses,₹591,4.0 out of 5 stars
Women's Synthetic a-line Knee-Long Dress,₹719,4.0 out of 5 stars
Women's Midi Dress,₹699,4.0 out of 5 stars
Women Pleated Blouses Dress Imported Georgette Three Fourth Sleeve Single Breasted Edge Dori Belt Dresses Streetwear Dress,₹350,3.4 out of 5 stars
Women's Polyester A-Line Maxi Dress,₹839,3.6 out of 5 stars
Women's Western Bodycon Dresses for Women |Knee-Length Mini Dress | Midi Western Dress for Women| Short Dress,₹512,3.7 out of 5 stars
Dresses for Women || Western Dresses for Women || Dress for Women || Dresses (D-643-646),₹619,4.2 out of 5 stars
"Women's Chiffon Western Dress(Sky Blue) Dress for Women, Dress",₹576,3.8 out of 5 stars
Women's Polyester A-Line Maxi Casual Dress,₹718,4.1 out of 5 stars
Western Dresses for Women | A-Line Knee-Length Dress | Midi Western Dress for Women| Short Dress,₹399,3.9 out of 5 stars
Western Dresses for Women | Short A-Line Dress for Girls,₹279,3.6 out of 5 stars
"Women's Tai-Dye Printed Mesh Rayon Lycra High V-Collar Neck Long Kurti Dresses for Women, A-Line Knee-Length Dress, Midi Western Dress for Women, Short Dress",₹359,3.1 out of 5 stars
Women Knee Length Dress,₹489,3.8 out of 5 stars
Women's Polyester Bodycon Midi Dress,₹598,4.0 out of 5 stars
Western Dresses for Women | A-Line Above Knee-Length Dress | Western Dress for Women| Short Dress,₹379,3.2 out of 5 stars
Women's Maxi Dress,₹932,4.1 out of 5 stars
Dresses for Women || Western Dresses for Women || Dress for Women || Dresses (632),₹499,3.7 out of 5 stars
Women’s High-Low Knee Length Dress(Ruby-062-to-069),₹299,4.0 out of 5 stars
Women Dress,₹598,3.9 out of 5 stars
Women's & Girls' Black Solid Ruched Detail A-line Mini Dress,₹445,3.9 out of 5 stars
Dresses for Women White Color Women Dress (537),₹599,3.8 out of 5 stars
Dresses for Women || Western Dresses for Women || Dress for Women || Dresses (D-659),₹619,4.7 out of 5 stars
Women's Rayon A-Line Standard Length Dress (1000012120666- Black_M),₹599,N/A
Dress for Women Belted Wrap Dress with Bishop Sleeves Surplice Neck Solid High Waist & Flared Hem Midi Dress for Women | Dresses for Women Long Dresses for Women,₹789,3.7 out of 5 stars
Dresses for Women || Western Dresses for Women || Dress for Women || Dresses (D-628),₹499,3.9 out of 5 stars
Dresses for Women Regular Multi Color Square Neck Half Sleeve Polyester Printed Dress(520-521),₹559,3.4 out of 5 stars
Women's Blue Cotton Woven Design Flared Dress,₹779,4.0 out of 5 stars
Dresses for Women || Western Dresses for Women || Dress for Women || Dresses (558),₹599,3.7 out of 5 stars
Women's Knee Length Dress,₹639,3.7 out of 5 stars
Western Dresses for Women |A-Line Knee-Length Dress | Indo Western Dress for Women| Mid Dress,₹399,3.5 out of 5 stars
Dress for Women|one Piece for Women|Dresses for Women|Kurta Set for Women|Kurta for Women Dress for Women|Women top|Tops for Women|Dress|Dresses for Women,₹657,4.2 out of 5 stars
Women's Georgette a-line Knee-Long Dress,₹699,3.4 out of 5 stars
Women Knee Length Dress,₹297,4.2 out of 5 stars
Women's Sleeveless One Shoulder Bodycon Casual Maxi Dress,₹399,4.2 out of 5 stars
Western Dresses for Women |A-Line Knee-Length Dress | Indo Western Dress for Women| Mid Dress,₹359,3.3 out of 5 stars
"Dresses for Women, Western Dresses for Women, Dress for Women, Dresses for Women, Short A-Line Dress for Girls, Maxi Dress for Women, Georgette Western Dress, Sky Blue Colour Western Dress",₹599.04,3.9 out of 5 stars
Women Western Dress,₹279,3.5 out of 5 stars
Dresses for Women || Western Dresses for Women || Dress for Women || Dresses (560-563),₹689,4.0 out of 5 stars
Western Dress || Rayon Color Block Half Button Front Dress for Women || Long Cuff Sleeve & Stand Collared Neck Tunic Dress || Office || Summer Dresses for Women.,₹379,N/A
SMARTEXTILES Women's Floral Printed V-Neck Pleated Puff Sleeve Midi Floral Polyester Dress | Floral Flared Western Dress,₹498,4.3 out of 5 stars
Gown Dress,₹499,N/A
Western Dresses for Women |A-Line Knee-Length Dress | Indo Western Dress for Women| Mid Dress,₹359,3.3 out of 5 stars
Women's Polyester Bodycon Midi Dress,₹598,4.0 out of 5 stars
